{"assets/images/LacotoseFree.PNG":["assets/images/LacotoseFree.PNG"],"assets/images/NYSteak.PNG":["assets/images/NYSteak.PNG"],"assets/images/ProvoloneCheese.PNG":["assets/images/ProvoloneCheese.PNG"],"assets/images/apple.jpg":["assets/images/apple.jpg"],"assets/images/banana.jpg":["assets/images/banana.jpg"],"assets/images/blueYogurt.PNG":["assets/images/blueYogurt.PNG"],"assets/images/chedarCheese.PNG":["assets/images/chedarCheese.PNG"],"assets/images/cheerios.jpg":["assets/images/cheerios.jpg"],"assets/images/chickenDrums.PNG":["assets/images/chickenDrums.PNG"],"assets/images/csu-logo.png":["assets/images/csu-logo.png"],"assets/images/frootLoops.jpg":["assets/images/frootLoops.jpg"],"assets/images/frostedFlakes.PNG":["assets/images/frostedFlakes.PNG"],"assets/images/grapes.png":["assets/images/grapes.png"],"assets/images/groundBeef.PNG":["assets/images/groundBeef.PNG"],"assets/images/kingOopers.PNG":["assets/images/kingOopers.PNG"],"assets/images/milk.png":["assets/images/milk.png"],"assets/images/orange.jpg":["assets/images/orange.jpg"],"assets/images/peperoni.PNG":["assets/images/peperoni.PNG"],"assets/images/pops.jpg":["assets/images/pops.jpg"],"assets/images/raisinBran.jpeg":["assets/images/raisinBran.jpeg"],"assets/images/salmon.PNG":["assets/images/salmon.PNG"],"assets/images/shrimp.PNG":["assets/images/shrimp.PNG"],"assets/images/sourCream.PNG":["assets/images/sourCream.PNG"],"assets/images/strawYogurt.PNG":["assets/images/strawYogurt.PNG"],"assets/images/strawberry.png":["assets/images/strawberry.png"],"assets/images/turkey.PNG":["assets/images/turkey.PNG"],"assets/images/waterMelon.png":["assets/images/waterMelon.png"],"packages/cupertino_icons/assets/CupertinoIcons.ttf":["packages/cupertino_icons/assets/CupertinoIcons.ttf"],"packages/fluttertoast/assets/toastify.css":["packages/fluttertoast/assets/toastify.css"],"packages/fluttertoast/assets/toastify.js":["packages/fluttertoast/assets/toastify.js"]}